Id,Price
725,637880
15856,261337
5480,984656
15664,484809
14275,694507
7633,45312
13329,533461
5502,560670
4220,118795
11538,739849
15975,26332
3310,577257
9286,345847
11260,36931
5214,113706
11307,336158
13543,899301
615,77217
3495,186535
2321,833105
12046,74408
16688,295341
12694,80777
783,625521
8968,849815
13454,816702
12190,794260
11160,391214
10291,421046
891,483406
2982,985966
3818,2712
2449,353048
8317,250922
4922,707188
1257,647500
9348,343761
4176,576669
10704,737351
6624,105729
5428,1718
12749,922110
8994,421244
11513,742259
3047,145780
9519,893702
12309,86651
14081,551123
8334,582100
6343,150253
14788,255357
15748,522138
153,846226
14149,840584
269,753892
5452,704670
721,838181
5079,591271
2831,647613
10614,569638
10131,590855
9996,321258
3061,689041
11733,818335
3726,346882
10929,855251
9011,231871
16182,220176
4976,296268
9897,615640
1872,383662
9205,752535
5403,102351
14074,780491
6268,688798
14232,957945
8532,612609
7034,884475
6553,488605
3133,245997
8596,932696
12389,534601
14462,273203
8860,127092
8377,653224
6367,627476
6917,933238
4216,457451
5806,884037
5438,723422
6632,35804
2650,694892
5396,134793
4044,598675
1345,710901
856,754154
12791,812448
12499,767627
12249,431244
14641,125395
1919,181863
7848,494581
10749,918801
15554,807035
15834,866309
1355,345596
15451,670763
12401,767850
10290,657897
9462,574266
3103,928816
3420,730126
12262,424169
5032,265117
8949,217682
15567,732779
16389,973837
7809,49192
8990,556822
16089,111946
12743,657630
5132,191694
1619,994174
2428,864588
16741,403610
13193,124993
12588,253421
5067,437512
14685,646400
2292,622534
5746,998536
12578,651587
14834,466126
2147,372100
8222,832059
10419,631681
11492,729165
3006,276018
8761,200141
15371,180729
16367,488778
6317,509341
10878,395996
3895,488849
8041,748448
13428,900723
14669,757231
1006,489279
12271,77348
3764,45250
7675,303322
11709,758034
8629,26577
1105,106448
6096,367661
11727,152777
5157,425034
3679,501679
1755,458576
7391,622749
7425,953602
6882,43052
10752,267215
7472,284685
14320,330795
9596,102064
5317,969801
7378,474924
16154,619753
3464,71773
4197,581817
9477,594292
12705,658118
16426,33809
1481,60996
9946,713637
12025,403349
5341,185547
9923,925510
7953,713015
11066,282819
5037,873934
2509,541572
4937,348872
12089,169002
4964,72595
16500,526236
4625,469712
2363,950253
8148,587658
3804,370060
4584,582897
10694,736800
2691,563338
2983,493326
13563,512049
10747,833542
1721,439019
2789,666986
7214,64981
8659,380314
5107,182961
3843,664021
14610,478188
15505,908
5060,98064
16055,155370
14963,574907
4118,960350
1672,375383
3209,250563
16515,955612
973,713156
12529,127222
5896,200706
5450,571292
3249,495283
8911,107129
5898,645538
1024,250575
4766,958689
15804,495143
14303,869247
10707,290545
6605,907280
1138,713839
14088,884648
9154,869625
8190,431060
398,655466
13302,285322
9696,822093
16786,658552
16230,934916
6552,285234
923,970821
9602,825161
5857,402620
8120,487153
7134,272969
11726,726777
8069,423937
12420,733882
8604,102206
4854,846659
12212,718270
12099,388272
3882,245409
6995,775999
10172,971739
11672,79729
12897,543655
16097,608890
6779,515348
11199,196139
10816,758446
143,679688
5399,988458
3286,289232
13706,332969
1935,373171
16000,426384
2860,56973
11407,533383
16378,463657
12278,179289
3842,840000
2692,593856
7699,310755
6825,318979
7268,850979
1477,952520
9887,87894
9436,849747
3179,642818
1350,203539
10643,621932
5793,87492
11494,29885
4206,818434
12419,220453
8530,56604
5985,286449
8908,53860
256,769514
7234,522791
5648,225674
3014,151032
2184,124698
9189,767483
14884,484895
10333,462206
15896,273355
13269,582211
8603,132527
15087,477879
4344,61601
7981,362572
10908,793314
6190,10691
11742,610225
9224,997908
14667,78613
458,591418
2464,951385
12320,767925
278,312419
2912,411473
6698,165247
4510,182678
4183,624109
5551,357959
12187,213039
7948,805574
10808,705337
12432,478728
5356,923047
8984,85145
9203,210130
15412,651061
12041,479267
7644,577843
7071,696597
10685,144358
6763,551018
940,726627
14959,281969
1338,749974
5351,178529
6524,565562
12516,640897
3288,911459
3146,864336
3954,571392
11955,363930
1211,644333
15668,37412
1320,817645
9108,347630
16482,706894
5017,45531
8290,516047
4304,342813
1930,842089
12530,738804
11295,522935
3002,895471
15483,989666
11525,560394
13978,641148
4885,153800
8325,386053
3630,73793
9165,322425
13945,456748
10663,279854
14803,819343
7621,923782
8205,401605
10387,990760
5457,591870
10234,886016
6251,19722
701,5491
7930,226812
15028,493067
12172,288823
5805,994973
7411,762631
14806,242771
7890,540340
10440,11069
14926,954212
5381,128692
3800,86655
10511,984870
9324,604327
3313,375705
7351,592879
8459,862610
9957,834682
12024,717982
4380,477911
5042,501967
13289,128056
13407,570580
13258,77564
15993,664694
12525,559066
4062,782952
12065,412435
8227,389952
11333,910339
2867,731711
3319,339854
3523,568831
7055,473406
14930,830538
3444,999538
2940,775472
6935,376951
16116,815908
13370,661598
6103,130898
7446,711070
1859,495833
4079,532175
3228,656444
9665,61046
15957,78138
11533,330814
2314,104171
4096,257070
13437,995238
5980,314308
2008,417775
6754,940975
4129,115678
14557,704385
7096,992388
14297,862552
3967,548121
16485,740340
13075,558439
14289,560270
10988,997423
3230,243580
13250,325077
2559,660456
7739,131441
7213,427061
6639,771171
3164,284927
15207,480630
5113,24240
3929,144540
14493,975317
11110,565635
2033,444164
16057,839505
16709,995105
14313,78678
1028,577764
7187,656776
3738,437398
9869,921337
12644,132728
3686,753003
9196,386113
12326,230711
4936,329019
13314,653340
9857,877058
519,52161
8410,539990
1720,592638
10341,170102
14415,834452
10613,394919
8027,116069
15539,366905
7431,331762
1370,351138
12708,792134
2250,106176
14758,831371
8525,40737
1538,718027
1142,445717
1152,232074
9802,408025
3331,676330
15203,483878
4247,854263
1976,92505
2346,481604
10078,999912
1938,167376
7819,214153
2168,5078
15634,771532
8465,854794
9313,70366
6539,32011
6325,155266
13442,845683
9967,321779
7893,545168
2861,227569
11031,419520
15073,731079
13837,927304
2524,401597
8617,14395
13513,5958
3081,411219
10675,159972
1907,318514
4872,461574
16274,666908
11837,915796
16577,267711
5231,774853
11315,581942
273,508796
8363,689982
4255,963081
16330,356601
11528,616861
14799,382240
1611,427090
9234,501731
1633,203675
6791,67801
11567,484620
3070,962914
12094,941800
14335,688729
137,782818
7182,712189
11718,624833
5194,602348
97,620467
5118,943751
13920,161443
9952,942572
15337,875980
10243,428310
4048,317708
171,199566
11378,756129
14190,837874
15265,683368
2740,253156
5573,531917
4481,600399
2631,932081
4984,804846
16466,813428
16716,236744
15325,198678
10115,798508
117,115551
5476,550259
11757,606175
12359,965929
15546,979320
8133,580288
9018,786673
2075,771428
11170,493259
15733,377096
9280,556679
10734,334186
14071,719698
7373,199210
14736,487934
3458,387812
6183,719343
7825,832056
16775,808282
5717,58004
12397,10855
8189,654157
4423,526417
3994,810185
10342,491137
10051,417323
9453,251813
12593,5191
1274,861150
6933,438377
1761,233212
7157,510571
15169,560119
6792,348556
13830,344625
7240,926093
3051,305152
6550,830255
4603,99371
5729,739422
13473,196419
15104,444488
6599,750793
2216,828826
8721,298898
3645,94679
8664,717826
11001,564854
753,929343
8129,450014
15235,733549
3359,708492
10424,346979
10226,255331
9252,565352
3008,474489
5849,710471
8494,362466
6764,542565
12445,94314
11716,268092
4508,917967
5669,595372
11427,499839
11065,424043
8910,141648
16401,129340
11913,617539
6221,764714
10839,319525
2809,639942
13311,361718
6866,193588
6019,253801
3024,987854
1391,434518
15904,870444
15858,142804
9911,962863
16579,915649
4394,308362
1468,640960
12965,162969
2249,106432
14384,100452
13040,746981
8872,249702
12864,887566
15712,39903
14049,410276
1840,485878
12019,5118
8948,268992
15154,454532
6943,687070
12564,462850
12766,285607
7255,332924
7962,386581
709,141249
4634,288274
889,311217
4774,817244
13890,204073
15431,391445
8726,598799
10373,468949
6413,708080
9761,924821
15864,904313
6147,851601
3384,579846
320,19551
8006,154061
14395,153372
14976,989082
12185,456114
4779,222969
8551,92419
9025,668410
10616,698966
7475,520541
6341,575010
14163,821309
2211,266049
10532,619545
14338,646394
831,659338
3382,400209
9209,644467
7188,761158
7197,629043
11270,531787
15918,106524
6937,437143
6178,541086
10668,418215
1413,219077
6884,174996
8266,392019
14019,756111
16764,918807
15306,496939
3740,154259
5298,164761
8319,563046
4229,667172
13429,234598
1753,38133
860,321837
14219,386049
12113,728460
11309,716490
9930,962804
10570,86129
2839,210912
6699,129913
16647,864305
5325,63821
13733,475037
7818,669004
12505,354975
9489,929035
10106,247800
7864,639172
5134,519376
11859,109802
7440,308953
1525,355046
7339,585169
8,170751
3248,304245
8995,339091
15178,235660
8594,365671
15770,64663
15859,294701
1735,682325
11410,829070
16397,897389
3572,74758
5501,579383
969,331743
6977,160823
1233,269048
4258,717249
90,502189
16650,464038
197,216817
12514,139343
4367,437051
3199,827592
5600,76411
11641,156701
14609,572869
12775,668469
14240,830775
7933,683096
6945,58180
14006,164701
6320,186082
12061,897841
16369,988992
16354,145194
3970,980081
1048,967605
3639,781676
14448,87386
2812,161027
3932,500892
14875,201105
8883,971641
7622,879668
7252,377165
9751,522639
2378,51188
6816,450659
15358,117451
7843,706339
10448,339200
7840,508225
8880,53256
12551,52179
15470,636012
16207,991366
12123,327393
15247,399086
7481,121696
16171,392625
7461,726781
902,522595
13094,455921
11584,184853
4462,286276
15576,633177
16606,919955
5427,271887
7725,576776
5409,391275
12579,606212
12013,958759
11321,18891
9932,240115
591,413136
10357,909801
3336,979193
13,2526
4809,851608
7555,835568
15172,110129
6989,419006
4707,45685
2046,497071
6495,796710
3873,219411
7061,953876
12112,573071
8917,955329
7735,273969
16442,918215
4244,912728
3747,858160
11086,908615
10080,136557
15057,26098
1331,446525
8891,722930
13411,647777
16730,808049
2267,66879
3022,663724
11190,663289
11857,506741
9318,820378
16512,676949
2053,624489
13707,127687
12143,380969
14080,431517
6130,390910
7936,255569
10101,648867
5663,571893
14811,759031
1366,711937
908,657832
2953,880865
14629,828423
15096,683728
2115,831440
11770,903388
12701,727279
14584,561020
1893,226901
9501,990323
2138,945103
9346,875426
15960,281495
8230,828941
13843,907676
13810,873803
15650,77697
9974,22061
12200,53369
538,11048
5334,754165
14823,701531
4817,612420
9041,974938
4359,599041
4852,452748
10141,731046
1503,650008
16256,881973
683,115488
14382,988475
7248,188973
1200,190484
3563,545132
3681,586876
3053,313808
4099,346289
807,713127
4658,881236
3535,93127
12548,868973
10488,561826
5851,933753
13736,937887
875,121716
14449,860442
3958,807587
10727,234918
11296,874364
13646,216843
9599,102362
7135,812931
5943,520203
2695,999868
6766,464111
5630,920919
13586,257488
3507,15008
10014,731872
459,798768
3582,966524
8560,599613
3372,104634
13109,568080
8160,386772
10706,19468
9104,514394
2870,419131
13712,594724
13924,734280
798,626764
9750,722551
16248,881745
3170,74472
12700,981169
10601,154283
514,110572
4010,864768
8124,137276
10800,656781
13628,925113
11637,870120
781,888433
16156,467372
12618,493082
9766,731447
15987,771421
11051,896849
7673,535376
1245,658725
2443,579679
7413,190706
310,949337
10921,180974
8709,187954
12404,366531
14986,791577
10714,22377
14286,338803
13828,206080
8926,671248
12233,691374
3913,441439
5221,609639
14965,299619
862,563236
13907,339419
5418,208314
2045,289542
13321,708418
2762,961312
13888,116808
14962,142455
13305,359674
8487,968685
7146,595023
1134,906249
15092,502268
13760,962920
11958,316548
3177,281514
11350,987828
1524,641119
5527,995420
2872,210688
8602,479980
3067,700506
10435,97286
11222,948967
8700,390170
10961,559742
14305,462011
8362,920524
4979,363232
7180,656696
5763,162576
2192,973057
13581,234919
10720,504480
1358,534670
13366,145227
13539,414238
12849,768120
6794,152620
525,970358
12223,768423
16271,260841
5818,277539
16588,56185
8981,664226
16476,503379
14663,782462
3,917869
6615,749462
12215,230478
304,12245
13634,234766
9208,455945
2175,473005
250,146385
6045,411585
10516,973684
1852,786048
1573,162625
15079,651748
5500,413886
15775,824518
3198,860787
6718,39212
4149,221497
9627,69059
7595,752390
4538,466531
3555,887138
10483,237450
8834,624840
16412,306944
6449,202919
2767,385940
11498,546581
16472,554050
178,908592
10948,203583
13313,95891
8065,301032
102,871119
14428,475116
11973,484580
6663,887010
15989,646269
10955,496229
11772,93731
11364,828376
7082,573146
7749,604568
6428,932187
6869,145667
295,614888
12266,556655
11129,78233
826,139468
3262,405130
15641,901784
1662,924633
10926,262559
10232,332819
6376,346025
7817,36941
354,421788
10076,200866
11379,402615
10184,712416
4696,823879
13562,944670
5436,527804
13196,977372
14939,549169
14004,16999
5916,65372
7229,9141
9143,847292
3440,15478
319,979262
11683,411720
12647,428449
12788,425344
13662,453777
423,673449
5222,150656
9242,181541
2641,266977
4855,397233
5360,154530
9799,212233
5526,803422
10309,895683
2144,562563
7191,669830
6732,513029
14789,591217
13525,809307
4066,970006
16422,427320
14890,334510
2922,931976
3601,740503
13416,835717
14363,972096
9496,733743
7115,160194
8615,181923
5218,2478
9493,168583
10623,674453
2272,486031
3352,460117
84,975576
8086,730223
2595,202953
3531,915302
7460,109597
9214,268887
2790,753234
10548,665604
9218,967083
7435,309101
15780,946624
7640,144022
6223,312406
3425,534753
10582,368612
702,501603
2111,86362
11730,45553
9865,242726
16478,32723
1885,332928
3956,477912
16735,298393
15264,274447
15971,111897
5584,538983
15242,130801
14358,997301
11300,62793
5446,814280
3934,805162
6610,88012
10164,951285
4646,254562
13304,967121
1985,944946
4746,345380
7963,817731
14083,160562
13140,967116
15023,505143
13093,946741
7160,309138
7407,659161
16056,253723
751,675995
6179,482186
9137,140398
10992,741458
5744,391484
10884,568220
12858,972899
13005,275734
16714,990735
1419,783428
6064,509055
3771,385518
5945,543658
8453,728037
3806,607261
16748,359329
11380,697473
3107,922795
12003,466404
14567,410765
1079,479583
11705,995647
7814,754590
10174,856627
5514,10813
5265,238728
10520,567850
13195,195758
14601,351995
6012,148195
13079,605525
9009,808161
3122,474735
5470,954913
4840,718445
6270,868968
9158,623079
10120,178899
10672,285387
4573,183207
12118,704868
7447,857660
2171,143661
6126,636886
2836,787587
1457,613848
11165,450567
5923,84779
1813,202782
3492,842412
1917,240037
965,268917
15795,552210
821,622613
4568,844611
9078,891631
11371,638043
5149,712347
281,656779
1918,650712
776,984937
210,177247
10782,224112
9653,216096
9372,488391
5868,961175
6176,196953
3969,965692
7427,785731
8544,45318
5219,625328
16488,698557
5855,675650
15920,697936
4393,309086
5770,613292
2900,776801
8622,321419
11610,449053
10969,587878
11029,894282
6193,69674
14087,432000
13623,95105
16689,479302
1027,795376
949,938381
672,715552
13832,480518
2471,5595
8728,708350
7742,966772
2698,874122
9084,506644
6075,990079
2874,580916
13119,122260
5010,702952
1284,849673
1151,111251
5110,498997
11386,175320
8019,831872
2859,654938
16110,958560
16027,551201
14902,458977
14301,670917
2451,941710
13596,183401
1464,183461
7927,877633
9638,571095
8009,933776
11903,817726
9243,257888
547,719781
5511,602418
11247,525687
15928,372390
3434,981528
7614,386949
1380,978668
2770,626999
111,245542
5994,544478
12341,37688
2787,905137
14410,232122
15983,997387
14876,89725
653,259323
2174,424546
2575,585217
7976,485309
5812,188617
13589,979942
9122,233474
8159,26364
8754,973724
9321,24260
13535,731393
2083,120770
2689,934529
2248,682962
11649,192715
11045,774631
1276,346696
5962,308297
13012,500505
4642,162536
179,70873
15347,383663
3339,123656
8166,714538
11617,60679
52,126821
4395,143620
2183,779569
16045,379482
15719,119587
9864,853368
1903,14665
13451,765584
3640,114811
16551,856368
2343,601411
10528,540985
134,855557
13966,640616
2366,63766
1198,435067
12627,605772
11623,973258
8267,387994
56,869688
2988,148404
8843,914048
3043,897
16486,966440
1241,494291
11180,860681
1984,694658
7364,855436
10769,374802
16617,270676
9007,394121
12953,812033
11366,600110
16483,790721
2326,175229
14195,935431
3484,158665
15257,560942
11920,949086
1359,69247
10353,153695
15614,187818
15101,702321
12755,747130
6252,546337
7485,975380
12603,988885
5281,740225
10708,69559
12563,829899
4592,223692
3390,859830
1986,134611
5745,33986
14108,93006
9693,812178
669,333127
7320,218910
10258,772810
507,866676
10365,326337
9363,72787
8736,27230
15100,490529
13420,505062
13248,91466
1972,575246
9258,691037
16455,744066
6150,52151
6283,115981
14979,451881
13935,432280
4985,356196
5393,421626
1730,333544
14129,27657
6254,104108
4173,130260
4910,303361
1297,351666
3366,792145
6044,675705
6259,650018
3852,689739
8723,119261
16109,586567
3721,487895
13453,941557
11962,906750
12998,580526
6886,268336
8200,387476
51,935245
3930,742189
6310,230515
6112,114856
5135,840142
7522,177226
9825,944784
2411,911456
14940,21619
15970,704550
9894,706869
2564,852060
7095,715239
16754,457291
16195,123342
1770,312648
5363,76579
11360,958517
13034,683299
6542,704802
15870,72241
217,467393
6490,356128
6692,31385
2235,585665
16732,313199
11499,262400
12617,790255
9060,141628
12017,828574
16750,955272
12230,358607
2158,934984
15184,505673
2981,942261
10281,2542
16596,233272
6976,964434
14680,222452
10618,826763
271,915988
10817,785198
1823,472175
9549,923162
1201,367107
2112,743269
2951,74546
7183,275727
11404,233256
5473,999529
9232,165133
3033,236499
11002,427188
8299,398582
15417,420151
15612,961358
6168,616349
13751,170660
764,418857
12833,161181
2009,183850
1005,855126
10740,630879
15323,932099
9884,509799
6185,90072
2311,810592
7538,385508
6256,189806
619,730723
1968,564019
10168,91610
10762,949140
12392,765465
8877,812420
2441,503397
4974,949652
12450,917294
15837,380944
5260,667372
6591,503691
11688,154605
9940,137503
12070,58321
12876,669719
6858,976480
2385,378739
3596,493831
13540,35194
2077,990532
5654,914141
14029,33944
16140,394063
13303,531799
7289,523070
15226,417870
3330,355795
15642,280060
16217,631218
7330,103349
3894,767257
6719,624189
13013,726836
15835,888138
10873,767565
16379,677020
10771,102530
13943,939607
5139,706647
5309,683299
14227,114428
16292,717858
14968,108590
13277,194416
1731,839214
7286,681132
7455,994839
3250,11368
1659,215991
15806,533342
7491,750396
1990,103500
7769,851577
9694,315003
11961,180537
4669,33916
13826,624726
1691,890001
3986,821381
1407,849044
5517,204937
8432,99355
2214,313726
10449,332914
2941,304227
5944,203044
1555,362188
6105,825224
4453,249548
5892,661470
5000,481079
12995,46764
8905,864287
11440,962736
419,147706
4712,818550
2094,990859
4567,266222
10717,994916
1248,322747
12405,2903
8331,64296
3113,148211
6926,51329
6777,11002
4060,642682
11547,820945
15199,823687
9282,664537
16123,551832
14094,689832
8770,140690
1054,637052
11363,960766
8756,862183
4800,579311
7620,238782
9101,466871
13954,216102
13600,865786
2893,979726
763,47507
5347,677628
12096,255618
16333,315305
16432,632084
3513,34746
13494,950701
8690,562889
7266,745794
3472,544100
7021,688350
12952,473465
2774,171086
607,465782
6897,853760
8220,369628
8071,825746
7091,240017
1805,888499
3594,668680
13103,983316
2203,953991
12622,663905
13270,353394
9461,784799
7759,303160
4256,576415
9093,746842
6033,827367
7734,210088
12368,991438
11740,935706
9907,479290
12398,923007
6290,503058
2882,70176
5091,160653
7228,683324
5953,121418
5707,979847
10159,327057
7813,47441
6463,777603
7264,880730
5405,965574
7543,375026
13702,857216
5538,778481
6762,165815
9416,959545
10415,388049
2139,185132
13151,44528
10301,459176
13273,754342
7609,570337
4884,422483
3438,808110
2215,741899
1723,807007
2340,293811
3950,706034
7312,278988
3602,783842
12053,61133
16240,499835
8301,436495
14068,388994
6216,475517
12910,783277
7656,152221
7854,69607
14636,187139
12267,958190
11334,572497
9326,999080
5935,631357
16132,70320
8318,834853
5009,652613
3883,731448
7565,283629
7960,447949
16736,47718
15284,583929
4301,378986
4273,923697
8436,706789
2113,422916
8469,742671
648,313590
7526,853642
9656,646713
516,558182
6849,292874
7013,501277
13741,786234
13281,728908
12374,846121
11855,935053
2759,637633
6759,767100
1667,301180
5138,208654
2452,878821
13027,571884
2493,434511
9899,186886
8151,319712
5349,563991
3926,718798
6394,192514
11720,229933
578,124251
4001,780303
13504,272090
14836,290702
1741,40160
1278,979245
11890,471426
1803,383807
11418,537240
13693,478192
7321,12884
12575,316315
6966,563142
16613,860325
3148,907819
8920,805358
13984,976213
802,359157
13893,576535
2495,525878
1695,389531
14995,822150
10890,921652
5282,682509
13487,310560
16615,788865
4545,112341
14032,23966
15707,300546
13931,80943
946,413357
11500,190044
10220,642387
2604,690059
10761,957153
10982,483149
11729,822415
8152,590347
5323,944157
9448,161412
14935,331304
385,203342
7039,227770
9366,935845
15823,496779
8993,853152
1282,534111
437,289352
11011,910802
10104,322853
16321,286555
11188,978972
14291,819866
7781,449683
1203,48881
3731,700133
9037,457762
12937,55399
5196,402802
1746,190989
6345,929726
7950,687296
11552,405870
11950,349290
4805,148983
9152,533460
555,416941
6765,71979
8515,491646
13915,283360
16036,329415
16625,289279
11870,47626
3304,39593
9636,983238
5232,619483
8878,233391
2756,60249
5140,116881
375,230200
7149,312042
16353,5935
15742,609500
5957,810435
12580,302588
10409,925704
13766,162685
7778,246513
9028,828543
14213,660142
12691,341878
1658,438033
15352,611054
10670,684649
14260,196931
8870,600641
12054,324510
9386,486072
14378,179219
2080,628211
12729,510250
932,220866
3149,305748
245,229787
6334,608769
11684,93955
5099,469210
1828,806436
13464,307409
4023,348549
6563,281796
13207,12568
14075,481618
5722,434662
2308,991542
8169,402895
3341,570118
7693,987449
2549,494743
11576,6411
8010,872278
605,767990
1580,713535
1588,198385
15197,176379
190,908144
12488,33388
12254,460513
3991,175849
5076,201560
3214,572827
2348,485254
13573,648189
14296,528829
4207,838833
6529,735603
16043,309180
2508,668298
12297,646019
10012,967731
1874,824902
8451,773043
16108,59689
7200,931479
859,637555
8415,110522
1649,941347
6269,329238
8350,93854
10978,501603
16751,425894
10133,804100
11908,125388
15627,442892
14923,590414
3669,193166
8316,564074
5702,317648
3480,801077
11965,11896
5869,427712
11147,134324
6505,115812
13797,729717
14915,738734
8221,162898
5873,717963
13900,343456
13804,371449
994,902142
2118,864928
15158,790997
9898,396753
3509,448752
10228,131173
12409,956744
9260,698542
11462,893053
3265,713303
54,657128
9316,136323
16208,966549
16582,760524
6338,640314
699,744446
3396,298996
13995,235706
8971,615756
6068,672840
7020,131304
14015,162225
4172,679476
12959,847820
5659,432895
14766,144101
14402,562993
6611,548422
3213,883989
13306,457037
5966,571970
3685,33191
10994,887754
13564,393933
6507,796493
3196,726623
1771,461141
13367,465621
1529,730536
11128,487669
11948,199672
3798,493402
11443,859438
15581,897492
15056,198521
5114,596401
12195,656397
2044,326470
13169,357725
15180,195486
15543,962470
3770,404093
772,184602
990,500662
5567,41529
10805,456193
3951,168048
9484,518570
3867,721637
15605,959250
3805,789872
7254,424394
2179,74362
12745,521059
16545,708322
7310,979986
8539,934008
222,999557
14084,11058
15453,816673
12318,639118
7368,147553
4027,410240
4106,518036
506,772303
1995,424723
7165,628281
12615,509829
16792,139399
221,126946
9710,674056
4364,761839
3379,683185
8954,909210
16630,43872
9624,557248
6967,137671
8070,894813
933,408535
8155,847358
6771,13010
16477,753120
675,695190
7201,551189
8254,526680
11325,70997
14018,66690
5190,783488
5505,149041
2886,168746
6941,19909
2668,559843
13831,56965
11036,334051
13691,244424
2007,555790
6442,334962
10010,481223
3259,127933
14013,463524
2261,876150
4110,490028
13293,547185
14931,207955
12293,633334
16398,226673
7132,214403
2780,106551
5700,903081
8186,888606
7031,667560
11269,204315
632,31455
6330,473886
10905,620211
6313,640466
13396,625
13414,232522
4270,30489
926,806205
11452,64316
16228,743709
1781,30488
16492,96699
14594,93473
4485,477659
8306,831880
2071,55612
9895,147210
10544,244480
11253,763707
15213,574374
2990,510502
4518,441146
2766,603783
3275,817392
14971,100518
14863,760177
1352,271313
3423,438775
13021,735977
10489,326251
12055,176074
13089,726574
16275,583658
4272,993825
3204,247836
863,223105
3289,448632
9557,463017
14381,507550
15208,717875
8030,861472
8080,547419
9876,414257
5571,543689
5439,918993
10689,839756
9919,715048
7348,876532
11686,669191
16643,844634
164,515210
15912,887920
14237,99367
7965,994032
9778,148566
14321,517851
10617,816287
12007,92548
1415,263532
12912,407845
12062,927197
7762,571550
4381,421533
7986,500888
10647,93732
13452,684964
230,878543
9285,285020
4221,900785
16384,39611
14645,941783
778,228602
6633,25376
15137,902092
62,949811
10606,237328
7791,6201
4161,433446
5553,457246
9433,732895
7363,787966
10162,316864
9568,589417
9901,788252
8047,15974
12954,929543
12479,856649
3357,911224
15088,23177
163,520599
988,802949
5877,46200
1683,626913
5206,438651
11155,697254
15339,82166
1590,41277
11100,119044
11216,252475
1624,476280
6113,303887
2181,30476
1023,911073
8673,483551
1646,151007
11608,862077
5988,222706
14354,770846
6369,276987
15936,362233
13240,732674
3481,598275
3479,67385
1698,787258
13154,187967
7802,353409
9702,584351
12895,6964
5728,875669
10793,199010
13529,473829
746,790805
2610,34443
10932,903204
15350,392603
15692,624643
5484,759256
15608,172864
5253,530993
1686,690784
10624,439278
267,422125
3295,922632
9481,194133
732,757251
10022,586229
6135,864231
7224,842216
14887,443693
7382,637799
3242,445686
3106,682615
14678,720711
6626,412249
6576,677754
9008,697498
2931,319376
10023,346742
14964,324647
796,784011
5169,834228
1814,579350
7372,332707
13672,585210
4124,527646
1095,653079
15950,276157
817,394466
15779,509138
11506,882228
8689,870657
10077,849286
10514,287872
2198,510647
8005,294823
625,428973
9420,800309
10350,489336
14494,197898
11615,728623
93,680899
950,248197
3325,85633
14459,65282
16531,984596
11228,167885
11761,66466
12629,321796
10339,152423
12203,445989
16744,188178
2786,292074
316,453213
11424,120806
8021,433634
12679,937051
1871,599054
5767,932317
4047,752585
16235,293318
10604,915361
1510,218690
854,252648
1860,958889
1593,989802
381,532618
10375,194696
15149,830933
11375,940253
3912,219241
12097,413462
16743,941038
146,310942
5308,969169
4125,655133
7671,75530
12609,522861
4353,293822
6287,50301
2264,351197
3457,375978
12935,660091
8958,215470
4532,300992
14857,996404
11376,448231
13713,55713
181,718847
10858,673420
5160,329728
6642,61950
9312,628522
7736,887963
4326,360021
1802,837273
16115,487099
16787,401900
7107,326721
6902,279431
8950,429928
9922,219314
11453,310744
10033,571096
12131,274556
11879,237869
8986,113142
82,496341
7664,661731
11116,902425
14096,594874
11577,226957
1908,386958
3658,12296
6148,674483
1324,336450
8792,642695
5883,852413
15245,256671
16382,618382
2131,4546
7581,494655
11488,448636
6091,236599
7295,695256
6427,208338
4558,677598
14436,518562
8373,16623
917,786453
9837,581554
5619,634584
4530,763410
11486,393133
8575,244934
3540,259355
4509,345564
4709,526141
10148,240941
11077,407556
609,321974
14733,997480
10609,290397
3616,355271
8805,123639
13799,900731
5886,512711
15836,639532
11792,362967
9404,447114
6456,39233
2569,106904
16727,180314
12353,688764
9841,823492
2725,793986
3388,416392
9476,602867
13550,864791
11934,74807
3375,793826
2932,227780
9972,530132
876,620133
13649,96874
13444,614012
12748,518741
2003,497206
2376,973
15961,627761
1221,602837
7064,72908
7799,142910
4549,315803
11061,741623
2132,374800
10692,783281
14546,844131
11088,571241
4819,104958
13682,370337
7127,44908
6245,368128
10845,734482
3285,580077
11384,341626
10897,527155
8533,992117
15341,377674
3821,502644
14130,586505
4306,892272
113,613432
14997,32561
1482,706470
14780,74822
997,949289
7991,160037
15592,586679
11143,322847
12472,406906
13991,803925
13399,388811
2588,633009
14274,707010
11491,660861
4755,539087
7939,839197
1779,715941
11924,34183
12713,180169
12486,279048
13149,578300
4847,441865
7638,323380
15228,883118
10069,111537
2219,755925
956,365254
13680,6751
106,111390
13101,998207
7540,606031
16138,693905
4890,723826
13752,459405
14622,351919
7871,771747
3957,258361
9987,289376
8884,843682
11715,983467
10612,209313
12945,290573
5034,36571
4463,285830
3476,902133
4846,237207
2372,893509
2873,62397
512,672589
16198,734776
9155,390598
16464,826300
6904,139666
3151,395630
1816,489117
16214,779302
6264,237503
254,126946
5848,203614
4357,786028
14265,67969
12235,264193
11342,453532
6679,297073
5377,385611
7636,102939
12798,520000
16349,777610
3028,729557
12810,186410
15064,369413
13801,816722
13387,831250
371,316917
1161,496435
14593,947004
12144,895019
5555,36483
13493,735244
11130,151540
8658,588399
6491,640948
303,967151
1897,835486
9583,92178
4515,645915
1411,783458
8534,972187
7227,634230
13478,59359
7546,36873
2798,774838
10267,219259
4519,479044
12184,87085
1895,207971
13019,335243
8845,406911
1929,456065
1966,688638
5268,549534
11402,181080
13503,348817
14413,663893
15419,183225
11573,986921
270,727068
9733,504005
2729,896874
10123,87357
9331,674737
4342,989648
4248,205966
446,219581
6677,375820
8324,240306
9666,401557
7303,502134
2710,53702
3334,940017
11464,182535
12220,476325
14064,850733
14350,704059
2858,849356
13014,782776
13732,895394
3371,950585
5912,497800
5881,574886
6199,369855
7344,542644
6180,202771
3343,856001
12103,275260
5177,893306
7000,16437
3990,663461
11689,194191
5624,167013
7497,557658
618,979881
6909,845202
3346,840258
12521,657748
11871,337121
10610,659610
14869,110882
2268,82177
12058,471068
12426,95102
10662,80822
12512,758603
14852,845376
10876,831878
7720,116484
4334,333902
12275,396994
12228,446459
3715,742381
9534,513914
2333,913724
15628,912260
5043,640905
16704,605863
2891,680341
14478,26803
4429,972741
5929,420437
1845,528658
3001,727782
6741,453829
2202,279591
15490,230314
3752,923025
4620,921441
12795,773143
2662,164635
12845,310062
5604,37791
4861,39142
8100,266404
15990,68558
6561,791293
14107,838088
6274,514015
4428,752622
3184,398920
9247,181247
15016,904529
6009,925671
3190,57086
3386,849603
11984,571941
16215,933244
5506,151874
10016,713895
15394,767042
15724,399428
9409,632735
12634,475391
14316,218175
8675,235641
15231,304732
3236,267888
10087,609330
5018,351086
2728,398085
8092,1701
10698,960115
5859,488233
4198,572107
861,495248
7990,285827
4009,230622
10964,817312
2114,657085
1139,212773
13921,932501
15030,925579
2122,508486
1602,979885
15032,355484
5694,18932
14026,361392
1132,734280
15469,341770
10223,293714
3303,235439
12655,767257
16151,773405
14649,903217
9533,473098
2229,189872
7652,75882
14523,944761
12991,323146
4539,836320
395,496093
4853,74265
12082,54662
1406,761934
7788,707869
2143,688937
11089,416330
16693,846823
14701,348625
13689,146922
4262,252592
1046,148239
12001,663784
10729,343666
11822,426838
9132,233960
14150,549569
15217,637919
4752,255633
5875,508581
7873,88628
16046,788025
321,592233
15077,433348
9148,352123
10272,327183
9490,436947
5856,298347
2436,463107
526,772697
9067,745371
1166,761491
13029,796200
8264,381817
13499,969108
14681,558216
10625,738687
13668,110729
4126,490968
1527,31025
12829,828486
6074,936299
16629,653955
3231,987783
6218,515260
15050,101192
16053,342035
16745,314167
11336,89723
1318,617881
7424,817887
8102,190219
5468,162215
9942,587081
1001,52544
6010,142142
7766,581128
10266,157649
3139,521608
4759,714795
6760,548410
5682,996009
1648,698934
10363,999995
7551,453810
12901,16974
7938,691096
15709,941789
9663,508522
14868,420772
7617,536540
5755,711028
11519,893782
6954,400203
7463,242840
138,488375
1499,88602
14579,969760
30,358268
6991,159598
16283,502882
15305,898727
12736,977226
1506,264444
4302,522754
8170,135226
14230,739725
14438,612568
15974,319575
3263,503933
11227,925246
9355,425106
326,345420
13155,740392
13238,13880
2785,164235
7047,755015
4222,396791
14734,205560
4224,961314
11259,952011
6174,37589
14057,526335
5181,146875
5926,861295
193,577721
12528,797349
5128,34586
13462,33520
5845,179371
6872,23888
8821,183291
5106,417951
8164,165952
5679,859409
2985,940301
2106,613016
12494,512142
15150,421746
187,708091
15095,917523
15289,794320
497,888802
10048,663298
15012,788903
11229,214226
15927,752859
12092,643829
11174,48043
13967,950385
6693,472440
92,474305
13961,499014
16220,381840
13333,688011
7730,674991
15250,113361
16392,484113
14544,960633
7261,561934
16105,442560
2984,550415
3162,545898
2260,734342
7004,134890
452,964822
7828,181131
626,933159
4583,221452
3725,333344
5894,882083
3316,461022
6887,739959
2492,289199
9133,443281
15655,937371
12639,66277
3848,614895
11820,752507
15254,913539
10750,404371
1156,144766
2910,534161
8591,647250
14247,308963
1425,41494
16660,812640
1837,590621
6461,656325
2580,444951
1052,622929
577,885408
2825,86000
2746,33411
2291,97923
10962,722960
8547,308297
10019,111214
756,537252
1709,951098
9076,250357
3211,365336
2535,78462
10943,289586
4830,581701
9928,766831
16143,49960
16784,909896
16434,325163
436,175747
1226,364709
1259,209217
15299,913643
4343,1541
14661,521231
1988,992535
10173,860225
11746,44748
8412,572318
9281,29334
6246,65543
5440,969256
15301,96663
1223,831275
2714,327412
3077,286944
5549,200933
16626,491982
382,518137
5635,255622
186,358424
4839,564806
433,478475
7210,160531
15243,680807
9993,74429
7529,766010
14506,873383
5807,156907
2373,801748
13618,468692
9908,81853
5404,112411
11023,839397
9678,246855
6160,966923
4181,326924
4230,443408
13858,785297
15871,515598
7564,120438
14463,122088
15115,936145
7533,865911
9862,489032
5708,868075
272,698421
4612,895491
13336,58223
13944,686929
3517,758332
422,260312
12769,615573
16079,631321
4398,854690
8250,855451
8900,924917
10819,8955
10551,814079
3418,721960
3889,620481
1186,387778
15227,998103
13432,908154
10654,51174
7306,556202
16325,483993
7510,195850
7237,978952
11812,596116
7823,338099
10691,105513
12699,361769
914,330316
12160,272372
4600,806778
5649,654790
4896,314622
800,127903
10111,145130
3690,814797
10150,876521
8099,74709
9526,387342
7301,894287
655,379156
6187,718600
839,345955
10505,24749
3830,765571
11301,966688
11895,890332
3102,930137
12351,200468
15378,257794
9593,142899
5302,354069
7585,170337
6785,812163
3611,218894
15888,78271
13152,260272
6208,816450
13734,703609
9212,98269
6098,590834
12314,138329
8848,397755
8951,35274
13572,442966
15907,399414
12325,301182
14000,988557
9515,760438
4514,536343
11968,260312
12452,247370
2163,14481
14538,893302
11324,332571
10441,414623
1952,129431
11680,911609
16190,915128
7649,157393
5839,555999
4659,595692
2273,270282
1829,324763
3776,749577
6607,22372
10395,842921
10667,643221
10950,437399
6339,808377
12038,874741
16128,342921
9406,275705
13386,874971
13063,399765
7319,533448
11475,548182
4109,45697
466,660335
7169,391272
450,67875
509,82963
14114,15795
10865,768481
3497,879412
9089,475428
13675,342699
6672,366284
5464,931487
16267,421438
6372,563084
4499,71318
16547,773156
11454,901989
16645,329973
9569,245304
3279,203467
12042,896768
2547,936360
16013,616516
12929,14633
12343,540618
10359,377785
12543,675988
14928,678870
11319,936902
14724,769639
2850,863316
10775,183191
8462,208477
4724,120713
6723,854738
14180,989194
5593,60082
9151,829708
8697,520596
10758,202486
4276,617402
13655,960006
13674,877926
10057,870555
10732,303677
160,60370
7451,961357
3512,617496
3925,716695
14897,228291
15963,974865
13805,821620
6894,118918
14327,595354
11838,123479
12255,522729
6587,605424
6923,490308
8885,16800
10486,497995
4722,186458
14740,245020
4754,332807
8674,230111
13252,975670
1905,574283
8585,1067
11503,759851
8979,448432
3879,718733
5165,43589
4200,613299
15206,588
927,141981
13132,268463
8640,447885
14157,221226
2991,184308
15401,369830
16356,161546
10857,523252
5651,228555
14405,777230
9176,516294
16326,603240
10397,304234
14371,340732
10577,467839
10605,746770
8441,717258
9546,632077
15433,708338
14106,163537
13791,326958
123,686663
6786,993584
4618,712514
6750,416802
2188,564742
4729,993248
11082,921523
947,173497
1066,895872
13916,597005
13134,377876
15755,991514
14683,223219
5590,690464
11704,580446
11544,694181
9457,827433
336,220623
8667,160918
9989,792176
3786,295986
1467,723873
15239,615003
6380,239614
15200,637823
10378,656816
9867,510203
12443,812671
15298,476429
9136,666092
6713,197420
15472,146018
4064,498921
13576,329300
10634,510619
13257,824214
14535,962761
13262,573240
13852,516018
3238,895748
2029,471709
1542,901897
5796,572218
6273,396455
8207,287135
13913,967458
14113,442091
11094,210208
3598,966916
11881,76850
4186,709664
105,745092
12712,241798
10699,5155
1522,57286
6406,431331
2600,610683
12800,7602
14794,298519
832,487173
11005,112431
1329,668183
9621,259662
3543,893528
1234,722024
14715,897095
13218,647336
12522,972240
15168,151609
3344,881830
7989,867184
13592,426153
2349,256499
87,333734
3648,452912
15383,343065
4245,264956
3037,238455
4963,238630
12513,408148
11906,736556
6321,439062
15889,871022
16390,615104
11080,718741
4201,260278
3696,765956
15188,836177
1475,17706
15248,645585
5836,280055
621,242373
15618,841574
11070,86632
5126,807455
3191,6559
4786,556212
6620,354997
9169,952007
15908,189901
5512,496226
16496,124495
4052,301206
1158,731275
5860,760501
907,609999
10880,969030
2406,273958
16135,875282
16655,687898
15009,551906
9075,31408
15211,164569
11972,166695
7343,608535
10693,416205
16611,722411
11189,275702
14873,292396
2863,439682
1616,521751
6932,411077
10136,682405
430,335769
2978,66319
9667,153346
1215,324446
8651,950700
11529,856101
14115,112909
13842,478745
12668,681258
11298,285329
14801,565952
12346,244262
7741,86410
9160,767325
4285,132257
1738,364095
16527,848625
11797,464616
11537,138305
11661,217899
16296,846094
9835,580458
11551,728084
7868,827754
6828,404131
4870,757106
14037,278684
10255,543175
13980,776733
12720,76097
4391,374787
15559,880686
11971,289213
1294,550448
4639,450681
10815,424674
12270,802972
9322,586438
14633,786870
3733,595876
9311,144872
14855,489835
13819,686318
912,702205
13565,737048
5546,350803
14337,889347
5902,658656
3939,181691
12958,13832
6810,29875
6464,993574
15753,190275
8295,500458
4190,799932
13160,950800
11609,693387
6477,35785
7833,304040
8088,379163
7090,607242
4818,890775
3010,486995
2954,495838
16552,591731
563,705534
13208,115502
12886,895689
9235,15653
2397,473513
3059,784058
8245,629122
11636,434499
694,158248
7222,541159
13986,376917
6083,736021
9782,171629
13060,698350
6144,578834
15637,246001
987,413979
10696,881614
5319,434537
16119,58916
8198,512534
14721,38547
4704,288858
8806,201537
14764,179146
14233,709062
14252,150032
9139,339688
9297,716312
8288,645317
4879,419382
6384,586182
7438,68295
116,761000
364,125730
2690,64232
2193,874589
1228,213062
7607,136208
6378,981564
16520,343674
7737,967259
15652,721099
15578,512533
10823,259016
11027,264872
7076,91339
6451,879232
15589,85855
9532,92155
4148,623757
1222,845639
8066,230181
2227,925448
8814,879436
7121,974217
8265,906368
2848,246198
7971,418488
15812,797455
2238,518233
11569,823726
13631,617044
13209,413764
5448,318045
5974,679636
10379,301622
13829,827003
7552,522913
11205,349476
12787,769218
12773,435048
1501,246180
3650,887972
14850,892800
8174,633520
5565,787303
11832,380185
15866,661120
8742,367374
5271,158520
11697,260778
13516,740588
6408,105570
15545,472601
11148,54664
1585,970757
4609,12815
3174,33961
13784,550416
7889,6289
9385,908585
4058,178999
6783,127835
14676,80392
3284,665271
4988,698403
13369,957003
10107,498519
11456,195617
5837,639106
2637,348676
10785,213686
109,867881
5968,244376
976,294946
882,616215
624,230026
11904,836340
15314,75698
6579,844073
9199,681035
12611,432213
2898,496142
8461,373866
15020,423936
5652,423492
14262,226138
10156,774883
4461,189824
16666,735853
15818,917779
4940,9493
9403,286399
13638,490629
6918,953738
16307,292264
4133,7492
12316,195314
1655,762981
9398,981094
4271,13549
7584,436698
16502,635249
7732,699079
14812,607417
5083,709023
4385,27195
4024,736299
5925,769064
5603,823563
9172,592364
9485,558510
337,57045
9767,571997
8228,621081
14346,777579
8946,325876
11285,867044
10588,966397
16737,954273
2262,720791
12102,874521
9851,902502
941,548394
10571,228465
11487,72521
12137,408283
10549,494604
11359,333491
7724,241794
6877,275339
12946,314900
10555,714914
2733,920927
734,218930
4572,379955
9888,885824
5547,73462
9473,901426
10427,425531
12081,362522
10888,235495
4834,416450
7141,264092
3282,756997
10028,767831
13941,882387
3897,780245
3838,3095
15315,298820
4623,78707
1119,266193
6031,131578
8516,20490
9415,555035
10798,568913
13666,478814
11068,389321
1489,820980
9467,969652
1946,997584
6511,572921
306,785294
2837,252261
9949,724357
12571,735809
9991,124020
10974,826090
5102,792636
15565,241035
8320,920531
4205,401190
14341,651924
12738,404947
7959,145159
15526,860761
9391,866314
13904,267135
5423,26013
7852,827370
16525,291866
3823,16524
1858,768845
8638,877428
5777,694117
10277,520700
8002,338239
11877,504224
3964,310099
16783,761637
9896,874509
1733,241310
12470,250572
12569,49975
744,592316
13608,948731
3980,628723
13468,314805
15482,194396
4135,563414
8982,423554
1928,284248
12408,224290
2316,853848
3340,704173
7512,153582
10170,746101
2558,69600
16236,653444
9115,819523
11183,456868
6603,295410
8548,142481
13883,462039
10766,404359
9575,537781
12048,451741
928,614152
3068,779798
7603,303376
12725,806676
14089,450703
13055,359096
16602,624855
2797,642650
7467,690391
651,516586
16374,815965
16544,379695
3098,81047
3015,813727
13224,39037
11299,540798
14583,755415
4033,110316
12076,402390
15017,378921
13881,393991
13000,34466
676,61034
6331,835281
7681,820796
1435,24467
2966,961147
5825,643035
5422,358597
1663,364816
15561,118176
10062,889276
6476,846804
1957,519037
10795,620502
16197,768349
14421,792422
12994,162792
3493,751378
11545,839200
6726,186497
9513,766225
12556,459987
9553,295959
3734,445755
3109,250225
16319,81037
5959,826137
6683,185409
9438,162793
15857,83379
2421,936098
11540,646333
264,592030
16561,764297
12288,469019
9570,906903
5936,840181
11390,619721
6551,262274
3946,308885
7746,372233
2838,732827
2472,245853
3520,778187
1341,728596
3910,792488
5208,690901
12599,772889
2475,87464
10966,883954
5910,809721
11910,280855
16221,897637
10591,478129
3744,793637
6618,6938
8676,224705
11193,767418
12659,114798
14101,904136
14483,523398
8107,919771
10681,968934
10126,579566
4527,642941
16537,522349
15403,392604
11124,394204
7468,617580
3172,225717
15847,853761
8211,139441
9459,404480
5903,434395
7232,181323
3180,205733
7147,892183
10105,35232
7338,212087
2446,419950
6466,901593
5782,84829
6526,396258
14982,599795
14639,466039
16052,649845
12587,850540
13192,91313
9342,568644
6052,811255
7987,578090
12165,259446
15151,401806
16728,772684
12735,712718
939,410794
10983,137588
1385,217839
1892,790915
8352,501251
79,867363
7171,766087
6194,411168
6973,732558
13786,267460
2578,873491
11344,795328
14536,36215
13518,349660
15855,708735
4387,905890
1596,471454
4699,962314
4559,840411
6613,711099
7489,94688
2127,171500
16668,113118
5919,388698
7696,204749
12287,636635
1053,449522
7924,347376
16365,597932
13988,252590
7415,362663
6661,699177
14496,752903
15112,809452
16444,282783
8992,870431
11054,46360
3570,535543
11016,646530
10455,54405
10478,443666
7751,979421
7913,680661
4883,24223
12728,632045
11482,120639
12561,86430
2207,176245
11946,990892
10552,13514
14673,69854
6914,198339
15988,750185
3878,74785
13937,389080
11208,419968
3466,672730
2799,360787
13802,32750
15790,407902
845,39176
13261,646040
9986,120939
4771,639017
11763,243843
13249,385863
15982,190769
5295,356039
2828,867436
12717,938578
14541,421782
12898,504983
15190,486867
13553,648535
11589,316574
13168,681019
14224,680977
11844,677389
14578,236623
6770,706153
1003,195140
6716,405564
6204,59711
10213,932650
2961,981918
14134,890595
9134,860186
9906,355829
12114,632022
12706,549665
192,56032
11022,908893
14712,251299
2659,947271
7602,580325
3009,254874
4533,188977
5620,121844
12312,164559
10896,55811
7532,487236
5696,712622
10743,149738
16708,142842
5430,765505
4362,154519
15599,768806
8197,722953
8502,411709
554,473361
16301,394091
6206,608964
10523,962005
7221,745040
5906,720284
6724,706264
9167,65908
10380,803567
6209,965171
14298,541326
6854,568648
15218,176040
5081,847010
14572,781141
7743,425545
11071,860907
10673,184933
16276,379136
2840,481872
14414,632271
15739,863614
4743,786738
3156,34652
14879,687639
758,514441
14304,703912
1210,858555
1137,656638
6026,418728
841,385741
3993,879307
16554,436174
27,775677
13015,112291
9428,473187
6885,243957
2410,26708
743,331271
9361,878654
14016,405735
5040,658734
14255,924984
291,957499
3937,188406
13374,82182
14948,194483
37,951453
8226,302319
9547,247675
1000,564265
12406,381396
8314,510352
960,766797
31,218303
5905,781042
15833,602707
8146,46184
16718,887048
2231,15952
11286,841133
8275,332574
16706,827188
6594,160691
15521,209130
1131,403242
9595,135410
8354,919452
15777,708927
2330,82111
13382,208615
16721,337594
11393,767663
7009,590927
1474,430923
5816,436334
16032,166952
3422,363698
7231,619129
1565,700613
10574,993256
1107,752207
1458,518122
12716,314850
14039,663635
7099,292628
4498,536944
16394,889148
8760,849980
5016,823309
1097,915040
5433,722727
7847,746592
2903,345116
15929,152143
9066,838177
16152,843081
12383,467995
7591,738884
15435,541101
1556,957915
10644,280030
5333,709502
4266,739800
7946,784903
15594,708938
12127,702535
7697,551600
10020,597935
8999,669511
15708,459398
510,845816
7239,611140
414,825824
9095,791414
6136,812927
12482,601446
1254,634898
12989,129298
2923,578377
13845,976800
11169,618534
3031,683981
12704,308060
3430,643661
4483,661897
1438,975845
7790,902010
10260,98348
8340,625957
11099,949319
4392,412585
1551,371882
6566,41038
12689,127241
16117,368478
2800,178207
7779,330112
4546,378549
16734,580766
2506,571647
12457,101606
14626,593123
9816,190717
5055,786373
13894,886797
2676,825640
13860,646656
3029,267267
5048,427363
12857,688597
15813,119839
9973,42141
6664,323112
2764,756204
10746,567315
1068,540488
6797,711188
384,912557
16012,126565
10891,823134
1110,663681
10284,80439
15508,788853
6000,500007
15275,803712
5312,439821
391,662171
10154,875368
7256,134344
7947,488371
4097,333965
1526,264055
16261,197807
8470,114427
3270,348968
11212,682897
1261,573668
13456,335195
3862,408468
13241,228906
8526,91167
5013,751727
10205,286992
1346,126730
12977,292721
10073,389910
9623,386044
10590,900342
2773,975590
4444,743352
442,166771
8376,587717
13461,713672
13229,462683
8718,705064
12847,240237
12117,459519
14510,240804
9254,466427
16290,724800
3936,431050
12526,71871
7302,666909
3268,437162
13230,384772
12695,302065
14761,326004
15771,727
12598,502171
15357,45087
9874,988433
7582,167640
16604,194541
2023,771251
13932,224148
13300,657788
14040,797593
12612,701394
14843,165214
5242,710654
1343,907281
14576,702544
6257,334289
25,780804
11043,823065
5047,247507
16080,952922
2161,469675
2444,289411
5459,270156
9033,743235
11539,949327
14256,602414
9219,775588
13840,631365
4848,174718
227,80701
6238,898245
15530,78660
594,972887
14505,530342
11748,727593
13771,892030
5778,921599
9820,43523
14066,993897
8498,849164
6058,586393
13661,577043
7992,661447
10264,90062
6924,322656
9183,584073
13325,438645
10467,948666
998,815143
3700,840952
5094,953081
11643,238748
8496,592596
16487,4949
7810,717233
15418,497425
16355,389351
3194,636581
9278,831044
2707,350986
5688,209825
7883,707236
5250,933404
12794,961709
15958,971191
68,496440
9505,56131
4162,784487
14730,393447
14671,454196
13981,736897
4445,587693
15067,207151
444,579281
1613,861110
8509,975490
877,259050
5170,927496
9846,884668
5915,182132
12459,45076
11318,981600
16009,135269
14466,447385
7896,302436
11280,499220
15529,762074
3859,389739
16193,114537
8796,158262
13010,841131
8672,214616
16756,625926
6929,506750
6288,530983
2842,176320
13446,432988
10235,509502
7654,910119
15967,484686
8048,872567
4253,159456
8004,733414
1397,835339
4799,443430
8558,1448
6060,774953
5608,980164
10515,415460
8931,363046
2396,993563
4022,379946
12471,683401
1711,410150
11430,529869
9829,26972
4425,285859
9803,389010
4651,177499
2189,976424
6368,624732
6568,706995
13827,364803
4375,829071
5622,893690
10559,244625
10985,211548
159,882605
9038,282558
9382,651763
11998,837670
5184,148675
10542,905265
3537,777730
13475,347104
15536,894065
6948,54186
2888,906888
2830,374009
12064,724515
8922,763626
16427,857753
14051,124489
3251,191892
14202,366943
13756,80164
1421,440348
14187,69293
10166,412395
4923,436733
11570,897844
9844,74591
918,719397
8919,827197
8818,767585
2949,778975
2423,102231
15361,652968
13254,788411
9692,404329
7271,69780
2017,40161
4036,198792
11373,400888
13377,248886
9977,861484
7410,203266
11817,888993
2573,86963
6543,23322
8819,21107
312,457318
14517,712923
15090,280189
10789,476968
1910,594810
14652,511913
13121,576714
5125,136045
1959,260249
12034,110057
15595,65769
6153,487462
4053,161022
10877,817130
4529,510661
10158,310912
9236,330553
5299,793975
13059,58102
11152,112813
11914,712019
2442,579969
7044,664646
5893,613026
5035,240292
979,647342
3409,728519
6675,662417
11650,839496
5611,241747
5956,985767
16435,920594
14599,933346
4215,443361
8873,910318
14918,437727
10011,313023
11446,933340
1535,52379
14241,501559
9543,314683
10979,182209
14215,34820
12365,927649
6681,770253
2924,389370
6445,65228
12032,877437
10702,336631
2974,595107
3877,237387
15147,551213
15984,836089
2324,618246
7499,8443
3801,667567
4284,98488
9329,605055
3120,418270
2531,136898
13762,19890
3691,490217
8058,634472
4897,518060
14925,409767
4330,689174
5453,733946
6559,528445
425,533665
14024,644824
10413,356854
15294,954164
2821,687691
11509,322648
9074,273412
16091,439442
3642,385737
16124,687035
16449,241587
8684,539823
2392,131581
12234,599978
14199,515356
834,867759
1484,42145
15653,568551
11663,739699
15397,167644
11385,542627
10151,585532
13263,738540
4505,966761
1851,809446
15471,407240
6560,277755
4007,875874
10251,746635
265,320159
14770,944764
1353,209659
16335,739682
10859,414440
641,882892
11985,924444
8076,816865
14160,208917
12506,712476
8809,958889
6957,483978
4478,631238
4749,320825
12322,921039
13910,169532
8252,381993
2431,253305
12670,993118
7537,194822
4637,46348
2538,370868
15290,473622
16072,921531
16740,144884
6078,282222
16723,434417
3847,533551
5999,440447
7678,143469
4862,121601
12468,525020
13409,227901
12380,563008
8962,465764
11004,906837
792,96952
5687,972912
3906,478753
13554,315804
5863,484258
13459,973149
12378,923175
9935,295769
5674,118368
4535,683576
12310,672919
7048,722906
1143,247299
16085,443164
5358,915005
7100,862136
10384,109969
5006,869076
7371,92320
4720,143788
7577,326012
15196,768092
8467,348873
5251,38732
9220,244281
2151,853170
8081,880590
15824,338875
10545,874586
13403,297634
1559,546614
16795,713668
6293,151076
16024,258715
12167,854894
3078,678378
6736,235148
12124,404283
6489,785795
2778,585505
13074,862943
4075,271780
15195,946205
3160,155532
1272,701397
14776,876418
8497,657439
4,13728
15732,749964
9111,258131
10748,487826
8944,490834
1906,689270
11283,265735
14269,748950
16232,409493
1839,538127
7894,647509
5703,698741
1347,821684
4849,159096
5618,853388
9672,174063
2638,619417
1962,851696
11717,724984
13358,940236
8258,654761
8822,606134
2927,172472
14741,86532
8216,85425
12317,607489
13133,446901
1286,109766
13116,124526
9198,226006
13679,490657
13877,748220
5946,31924
7428,405872
1073,632940
13970,859758
8466,396666
13135,371041
1778,893971
195,892932
8973,568533
10674,162890
12350,178069
10295,818743
7251,449684
9245,317162
9126,369690
7740,996262
8956,21140
13686,630140
2864,237558
7110,294460
11331,778365
16637,959896
4580,878626
8909,561506
11932,850315
5243,36280
13419,906117
3459,698912
7053,493812
14691,873987
12535,998176
560,37448
7514,360482
5305,332632
11231,45891
8803,617744
9791,736474
130,652545
5874,155924
1440,307654
6474,198289
12168,271920
13187,589451
9831,188983
15943,880804
15846,994667
1402,76451
4968,71583
5131,960553
15580,113145
10869,798546
4679,455995
13908,500531
13489,117410
16352,85632
5691,631905
8780,536036
11933,668948
4136,741395
12873,582551
13330,645164
797,193538
6450,682338
10056,226034
1050,766796
1202,866741
6680,151066
174,193868
6337,691664
6704,632250
266,100290
9195,807135
14668,891836
9315,994141
469,52039
8852,959715
10907,248416
5287,255377
4548,238606
9637,958119
11010,699160
9564,885940
2681,445401
6776,478616
8311,194352
6580,556702
14417,852351
3892,359122
4929,834147
7340,252733
13225,656645
5581,746828
8015,772013
13567,367034
10596,996496
11291,828232
10901,568481
9349,515831
4030,280696
8357,150701
829,752518
5529,820269
4134,467822
4867,138286
903,594622
3701,521805
12916,342088
9031,124088
1965,581258
13851,602083
9314,818559
7386,109868
4088,626161
14907,368411
5991,764520
10265,653184
15260,838358
8053,156015
9577,267470
15509,830725
12153,422408
3218,500356
4740,590632
682,611307
12176,947637
12385,551694
2523,590882
5801,453258
12751,848837
15121,170608
517,125753
4822,611972
1129,529603
12396,34572
11329,270660
11856,172195
3653,683649
13404,150637
14486,489798
3502,998097
7717,506253
8808,903215
11676,964172
7033,143006
1681,255415
6658,670749
959,191576
4871,498205
6946,443934
13763,195361
15320,767535
3065,537219
14742,147484
13959,821207
2427,354862
1716,641291
6258,225401
16677,557795
206,627383
13659,632515
7782,911584
3308,750459
9073,475493
6342,330472
868,451791
10153,351142
16788,896653
14886,667897
4674,270006
13599,675220
6851,659021
6443,625742
9903,82487
8321,934150
10686,162530
11106,886793
11845,886360
2439,914089
5461,63498
14559,704115
10215,470414
13566,962684
16563,295513
10492,315745
13847,797921
3607,600386
2844,608070
3499,258481
7478,449250
4728,546342
10883,500789
13602,859692
3751,531444
10299,655111
13023,742147
14498,519226
13601,423841
5787,739356
7853,275730
2429,703776
2359,624565
13926,505436
4278,515934
14307,698756
15677,711477
9,449908
12630,49925
16428,8778
13285,96454
7902,794738
866,278716
6077,967736
4015,928489
16350,673833
14793,741271
1409,472241
5199,230049
12036,694175
9654,924519
13106,608741
11780,892811
355,331444
6247,518729
1045,388549
4019,38451
2048,973916
14586,802474
6720,744297
5509,80902
8463,264364
3202,960330
6910,109037
5701,767224
1,600893
6853,736699
5386,952557
9251,771904
8580,478618
3644,918970
3258,947272
329,340247
5038,187425
2526,643362
2082,669010
11081,706486
3927,945718
12305,397127
10975,536813
2590,605588
9337,744046
9368,442480
16111,536126
986,381864
426,200252
10040,380269
16463,164317
3704,545393
15406,110560
10035,810667
16251,536859
9520,673825
503,117875
8260,291976
14309,408378
16054,998357
3885,678395
5924,512728
12843,311807
14300,641124
12608,9461
11437,732912
9535,402819
1528,552238
11518,81749
6401,480303
9129,116839
13069,806298
16607,969684
1473,974754
6085,145242
4067,46658
9178,326968
5090,164846
15046,3801
13621,658195
16065,17449
1944,796955
1060,532013
1764,583628
1705,603053
9961,587227
18,726845
10371,731300
13185,239569
13139,704782
3161,441540
11931,852258
8759,567969
12969,123214
14329,765143
3637,644324
1165,378302
9976,873463
16490,477209
2074,343914
15364,253203
11394,315001
10222,476086
5948,915074
7494,170051
6285,983191
15220,107645
3237,282130
3528,893826
6289,566686
15784,193420
15321,552100
4562,953431
6402,24439
12688,664899
3536,274827
8426,855355
12434,195037
5645,602874
15080,464982
4677,218169
9818,190853
13496,987532
15682,258346
6284,287267
14342,42116
8109,437780
14818,79932
5724,973593
7471,809663
14905,578808
9719,421940
10637,976285
12838,476252
15949,889511
2334,888070
3416,339700
12303,689411
528,729435
980,399599
1298,937888
13728,737979
10842,413116
14596,922435
1899,394355
16380,169834
7855,334850
8147,517603
11469,384394
5779,357748
3389,482200
7885,946969
5254,983377
6383,336696
3498,311037
16166,332296
2413,769912
14653,863634
9345,192467
13711,521925
822,886002
12640,560000
11954,807508
7914,195145
7394,10853
7354,180390
13058,72751
4836,272948
362,532591
9365,157131
211,826964
8543,417644
188,40070
14196,944103
7114,679403
13431,708341
12869,377555
16681,48939
16528,550261
390,869041
11752,616074
4408,997355
3315,20976
16071,261501
16535,543033
12463,170775
12790,110027
11787,862732
14577,111104
4431,499280
10286,46850
1676,694901
13993,497929
4761,999768
14670,328186
4795,137905
15411,556089
2909,123473
8236,289623
14017,504262
13974,211771
6513,91850
7695,138569
5286,233613
4902,736998
1124,360033
10436,295318
14749,28481
2609,903919
14548,850256
1566,556585
3649,757627
16101,684943
13095,4913
2779,192120
14203,76614
11019,369731
7653,696516
12835,441930
9683,8259
6955,937728
11504,345065
12110,489032
237,657036
2612,938294
8855,739934
8729,311370
11580,632579
13807,907105
5375,317811
16767,516824
14540,559834
255,271883
3586,166478
5671,892326
10311,520942
13280,963378
1788,610385
12128,36408
3576,384071
1285,294566
13502,941813
6518,9974
1729,227723
5398,630847
12539,806951
1476,262236
5057,32572
5133,448701
2196,780517
4041,918923
5252,209828
12879,560938
13210,956703
7390,625872
15942,984830
7054,497768
14632,556070
10208,846744
14120,558398
13607,106991
9647,224719
12134,788255
8593,431120
16231,315797
12474,60362
11640,108308
1685,949232
4474,421411
15313,54366
1736,928826
16471,9937
12517,453127
15437,785263
3381,844719
16555,769718
15738,577752
2896,673207
11356,704916
9734,205732
1890,33694
15344,687261
13575,592990
14595,46028
10567,663746
12889,452744
1213,6104
8841,454297
473,819142
14853,403163
15271,461788
14191,289572
12703,817610
2649,958720
14916,615173
8975,309416
12108,960583
6070,599212
15765,251675
3713,106893
1618,293113
13874,795033
4407,503992
8550,117045
15759,592509
7808,64380
1127,573133
13108,602900
4426,34457
6175,629135
7903,94566
2076,137396
9924,288901
2322,890844
13844,122668
13871,532912
5908,659974
429,572280
3443,341299
170,574390
9879,414635
15324,121855
15616,765799
14217,246948
5262,667833
13426,496601
13286,897071
10464,250047
10881,139899
12776,406221
10664,305399
15237,308531
15999,542504
4816,963772
13856,322863
2701,166251
635,572899
4016,346670
64,848980
4881,646629
7017,658258
7184,978648
487,877224
15897,1929
11444,740789
3260,623056
3127,142313
7899,642183
5705,869383
12960,453857
4046,873380
2190,10688
15787,320633
1926,147224
3944,829899
14709,287379
13046,638222
9845,372379
7432,681614
11524,532317
6393,870166
11323,201683
10352,210221
6811,590082
2606,631339
11660,196945
8305,574734
7357,460140
14796,317222
15587,455855
2461,61529
5605,875316
6554,837611
7662,296871
11798,786043
12078,641754
1758,712798
7661,69216
3335,367498
2854,323207
16659,965351
5241,778150
16469,971378
16098,831727
15049,701869
5152,477822
2166,653884
16465,525396
1768,743323
8744,289183
10594,285938
1339,274655
6998,558958
723,29073
11357,935828
4413,117777
5026,88188
4412,673499
537,496653
10270,436613
9571,911889
9969,583336
7822,207567
6621,229780
208,441541
5195,131197
7032,314032
8263,975471
14719,344208
15622,942914
4259,110344
3085,676049
172,845685
7130,88047
8767,396370
3087,905325
4089,996900
11477,751454
2246,438431
1793,989969
1630,443481
1189,279754
6050,933968
8752,742469
8963,720797
9671,436367
4820,920940
4475,577816
6396,814755
8932,549031
162,691377
10847,493773
5692,597670
7316,61809
5485,31524
9780,854005
7307,553101
9739,559297
7426,478973
835,532202
11744,589230
11907,558748
5684,342840
10335,416269
4466,356579
11593,372849
244,72404
15205,751056
6071,21832
9455,895714
15862,810364
8165,312997
5002,377522
5922,4151
16616,380872
7615,899871
7911,672773
7748,950310
11265,1296
15820,486577
6648,234427
7117,981531
10262,323464
2853,381847
4606,68714
12747,661878
3953,783024
3552,417631
2675,145833
4611,632349
2025,857369
5424,674896
8546,887661
8875,536891
2807,530446
8578,989057
786,240906
3945,449274
16733,452803
16191,984300
12669,275548
10493,256909
6671,50919
9330,944861
1622,317535
8713,153637
8696,998628
9187,909578
14551,551530
2646,537254
9563,286462
4031,60864
5155,222078
12116,620724
3834,70683
7785,899811
307,241647
13663,97652
16357,396508
10646,137244
5615,818247
4604,830609
9308,836800
16789,625703
15721,912966
4994,326782
5454,160165
4034,471498
1420,701146
6453,80706
8167,842530
11657,42260
14356,530812
2024,743046
7701,836055
6291,676744
789,413538
16315,492565
3677,549462
13309,885957
2088,570467
3707,501378
5240,718495
13197,590051
3147,196527
76,282693
14287,493065
7940,309782
2515,626490
4891,34482
7623,362834
10671,595304
13030,590200
14686,660727
13272,864213
14954,664073
16264,394976
14461,585285
13107,952906
8740,748901
2824,268811
1645,377056
15613,617036
4803,124590
971,698357
13952,465621
3320,789982
15110,665518
2440,826515
10462,288639
6011,355800
9405,844556
511,143030
4141,749703
11651,164331
343,28176
14750,756142
3711,450231
6322,488456
6533,802150
6089,128870
286,419446
7639,728818
16722,224444
9157,498810
7137,527477
6669,945482
3326,175110
5820,301079
11604,164225
16087,752028
5327,602395
13639,640549
349,276288
15181,474884
4821,77301
1740,762952
3450,277262
16064,146743
1804,238534
5296,216306
5346,912901
4723,183522
417,776684
15756,833570
14090,518013
14778,433813
2560,871347
12920,543460
8249,130821
7125,128944
11732,755415
13365,130862
5361,684482
15937,906950
2591,452534
15706,54507
2105,898981
7220,606481
14562,694237
6836,304200
8180,639663
4695,78789
5783,22839
4780,390074
12504,721165
